"DESCRIPTION","DURATION IN MS","NAME","PARENT SUITE","START TIME","STATUS","STOP TIME","SUB SUITE","SUITE","TEST CLASS","TEST METHOD"
"","186","usar token para autenticar peticion","webkit","2026-05-16","passed","2026-05-16","Authentication","apis\reqres.spec.ts","",""
"","7900","verificar usuario por API y luego hacer login por UI","firefox","2026-05-16","passed","2026-05-16","Mixed UI + API tests","ui\mixed.spec.ts","",""
"","167","GET usuario especifico","firefox","2026-05-16","passed","2026-05-16","Reqres API > Get USuarios","apis\reqres.spec.ts","",""
"","237","DELETE eliminar usuario","firefox","2026-05-16","passed","2026-05-16","Reqres API > POST,PUT,DELETE","apis\reqres.spec.ts","",""
"","402","POST crear usuario","chromium","2026-05-16","passed","2026-05-16","Reqres API > POST,PUT,DELETE","apis\reqres.spec.ts","",""
"","2750","Login Exitoso","firefox","2026-05-16","passed","2026-05-16","Login-Sauce demo","ui\saucedemo.spec.ts","",""
"","154","POST con ceredenciales incorrectas","webkit","2026-05-16","passed","2026-05-16","Authentication","apis\reqres.spec.ts","",""
"","306","crear usuario por API y verificar respuesta","webkit","2026-05-16","passed","2026-05-16","Mixed UI + API tests","ui\mixed.spec.ts","",""
"","458","GET lista de usuarios","chromium","2026-05-16","passed","2026-05-16","Reqres API > Get USuarios","apis\reqres.spec.ts","",""
"","292","usar token para autenticar peticion","firefox","2026-05-16","passed","2026-05-16","Authentication","apis\reqres.spec.ts","",""
"","2662","filter","firefox","2026-05-16","passed","2026-05-16","Flujo de compra en Saucedemo","ui\saucedemo.spec.ts","",""
"","2941","redireccion correcta despues del login","firefox","2026-05-16","passed","2026-05-16","Flujo de compra en Saucedemo","ui\saucedemo.spec.ts","",""
"","166","PUT modificar usuario","webkit","2026-05-16","passed","2026-05-16","Reqres API > POST,PUT,DELETE","apis\reqres.spec.ts","",""
"","2679","Login Fallido","firefox","2026-05-16","passed","2026-05-16","","ui\saucedemo.spec.ts","",""
"","2810","login fallido con usuario bloqueado - datos externos","firefox","2026-05-16","passed","2026-05-16","","ui\saucedemo.spec.ts","",""
"","263","POST crear usuario","webkit","2026-05-16","passed","2026-05-16","Reqres API > POST,PUT,DELETE","apis\reqres.spec.ts","",""
"","3238","verificar usuario por API y luego hacer login por UI","webkit","2026-05-16","passed","2026-05-16","Mixed UI + API tests","ui\mixed.spec.ts","",""
"","983","Login Fallido-Usuario bloqueado","chromium","2026-05-16","passed","2026-05-16","","ui\saucedemo.spec.ts","",""
"","155","PUT modificar usuario","firefox","2026-05-16","passed","2026-05-16","Reqres API > POST,PUT,DELETE","apis\reqres.spec.ts","",""
"","2027","verificar cantidad de productos","webkit","2026-05-16","passed","2026-05-16","","ui\inventory.spec.ts","",""
"","1887","Login Fallido","webkit","2026-05-16","passed","2026-05-16","","ui\saucedemo.spec.ts","",""
"","2382","agregar producto al carrito","webkit","2026-05-16","passed","2026-05-16","","ui\inventory.spec.ts","",""
"","4229","ver productos con login automatico","firefox","2026-05-16","passed","2026-05-16","","ui\inventory.spec.ts","",""
"","2607","Login Fallido-Usuario bloqueado","firefox","2026-05-16","passed","2026-05-16","","ui\saucedemo.spec.ts","",""
"","199","usar token para autenticar peticion","chromium","2026-05-16","passed","2026-05-16","Authentication","apis\reqres.spec.ts","",""
"","1964","redireccion correcta despues del login","webkit","2026-05-16","passed","2026-05-16","Flujo de compra en Saucedemo","ui\saucedemo.spec.ts","",""
"","922","login fallido con usuario bloqueado - datos externos","chromium","2026-05-16","passed","2026-05-16","","ui\saucedemo.spec.ts","",""
"","7309","agregar producto al carrito","firefox","2026-05-16","passed","2026-05-16","","ui\inventory.spec.ts","",""
"","1609","Login Fallido-Usuario bloqueado","webkit","2026-05-16","passed","2026-05-16","","ui\saucedemo.spec.ts","",""
"","3531","login fallido con usuario invalido - datos externos","firefox","2026-05-16","passed","2026-05-16","","ui\saucedemo.spec.ts","",""
"","151","POST login y obtener token","webkit","2026-05-16","passed","2026-05-16","Authentication","apis\reqres.spec.ts","",""
"","2124","verificar usuario por API y luego hacer login por UI","chromium","2026-05-16","passed","2026-05-16","Mixed UI + API tests","ui\mixed.spec.ts","",""
"","168","GET lista de usuarios","webkit","2026-05-16","passed","2026-05-16","Reqres API > Get USuarios","apis\reqres.spec.ts","",""
"","302","GET usuario que no existe","webkit","2026-05-16","passed","2026-05-16","Reqres API > Get USuarios","apis\reqres.spec.ts","",""
"","1492","Pedido Exitso","chromium","2026-05-16","passed","2026-05-16","Flujo de compra en Saucedemo","ui\saucedemo.spec.ts","",""
"","301","crear usuario por API y verificar respuesta","firefox","2026-05-16","passed","2026-05-16","Mixed UI + API tests","ui\mixed.spec.ts","",""
"","1027","filter","chromium","2026-05-16","passed","2026-05-16","Flujo de compra en Saucedemo","ui\saucedemo.spec.ts","",""
"","273","POST login y obtener token","firefox","2026-05-16","passed","2026-05-16","Authentication","apis\reqres.spec.ts","",""
"","182","PUT modificar usuario","chromium","2026-05-16","passed","2026-05-16","Reqres API > POST,PUT,DELETE","apis\reqres.spec.ts","",""
"","900","login exitoso con datos externos","chromium","2026-05-16","passed","2026-05-16","","ui\saucedemo.spec.ts","",""
"","361","DELETE eliminar usuario","chromium","2026-05-16","passed","2026-05-16","Reqres API > POST,PUT,DELETE","apis\reqres.spec.ts","",""
"","3590","logout","firefox","2026-05-16","passed","2026-05-16","Flujo de compra en Saucedemo","ui\saucedemo.spec.ts","",""
"","1482","login fallido con usuario invalido - datos externos","webkit","2026-05-16","passed","2026-05-16","","ui\saucedemo.spec.ts","",""
"","1619","Login Fallido-campos vacios","webkit","2026-05-16","passed","2026-05-16","","ui\saucedemo.spec.ts","",""
"","955","Login Fallido","chromium","2026-05-16","passed","2026-05-16","","ui\saucedemo.spec.ts","",""
"","1834","verificar cantidad de productos","chromium","2026-05-16","passed","2026-05-16","","ui\inventory.spec.ts","",""
"","239","POST crear usuario","firefox","2026-05-16","passed","2026-05-16","Reqres API > POST,PUT,DELETE","apis\reqres.spec.ts","",""
"","5090","verificar cantidad de productos","firefox","2026-05-16","passed","2026-05-16","","ui\inventory.spec.ts","",""
"","257","POST con ceredenciales incorrectas","chromium","2026-05-16","passed","2026-05-16","Authentication","apis\reqres.spec.ts","",""
"","3079","logout","webkit","2026-05-16","passed","2026-05-16","Flujo de compra en Saucedemo","ui\saucedemo.spec.ts","",""
"","1004","Login Fallido-campos vacios","chromium","2026-05-16","passed","2026-05-16","","ui\saucedemo.spec.ts","",""
"","274","POST login y obtener token","chromium","2026-05-16","passed","2026-05-16","Authentication","apis\reqres.spec.ts","",""
"","152","POST con ceredenciales incorrectas","firefox","2026-05-16","passed","2026-05-16","Authentication","apis\reqres.spec.ts","",""
"","370","GET usuario que no existe","chromium","2026-05-16","passed","2026-05-16","Reqres API > Get USuarios","apis\reqres.spec.ts","",""
"","394","GET usuario especifico","chromium","2026-05-16","passed","2026-05-16","Reqres API > Get USuarios","apis\reqres.spec.ts","",""
"","897","Login Exitoso","chromium","2026-05-16","passed","2026-05-16","Login-Sauce demo","ui\saucedemo.spec.ts","",""
"","174","GET usuario especifico","webkit","2026-05-16","passed","2026-05-16","Reqres API > Get USuarios","apis\reqres.spec.ts","",""
"","1882","agregar producto al carrito","chromium","2026-05-16","passed","2026-05-16","","ui\inventory.spec.ts","",""
"","298","crear usuario por API y verificar respuesta","chromium","2026-05-16","passed","2026-05-16","Mixed UI + API tests","ui\mixed.spec.ts","",""
"","2013","ver productos con login automatico","webkit","2026-05-16","passed","2026-05-16","","ui\inventory.spec.ts","",""
"","2840","login exitoso con datos externos","firefox","2026-05-16","passed","2026-05-16","","ui\saucedemo.spec.ts","",""
"","3564","Pedido Exitso","webkit","2026-05-16","passed","2026-05-16","Flujo de compra en Saucedemo","ui\saucedemo.spec.ts","",""
"","1594","Login Exitoso","webkit","2026-05-16","passed","2026-05-16","Login-Sauce demo","ui\saucedemo.spec.ts","",""
"","4277","Pedido Exitso","firefox","2026-05-16","passed","2026-05-16","Flujo de compra en Saucedemo","ui\saucedemo.spec.ts","",""
"","1462","login fallido con usuario bloqueado - datos externos","webkit","2026-05-16","passed","2026-05-16","","ui\saucedemo.spec.ts","",""
"","234","GET usuario que no existe","firefox","2026-05-16","passed","2026-05-16","Reqres API > Get USuarios","apis\reqres.spec.ts","",""
"","1062","redireccion correcta despues del login","chromium","2026-05-16","passed","2026-05-16","Flujo de compra en Saucedemo","ui\saucedemo.spec.ts","",""
"","2112","logout","chromium","2026-05-16","passed","2026-05-16","Flujo de compra en Saucedemo","ui\saucedemo.spec.ts","",""
"","2069","filter","webkit","2026-05-16","passed","2026-05-16","Flujo de compra en Saucedemo","ui\saucedemo.spec.ts","",""
"","1548","login exitoso con datos externos","webkit","2026-05-16","passed","2026-05-16","","ui\saucedemo.spec.ts","",""
"","991","login fallido con usuario invalido - datos externos","chromium","2026-05-16","passed","2026-05-16","","ui\saucedemo.spec.ts","",""
"","161","GET lista de usuarios","firefox","2026-05-16","passed","2026-05-16","Reqres API > Get USuarios","apis\reqres.spec.ts","",""
"","1710","ver productos con login automatico","chromium","2026-05-16","passed","2026-05-16","","ui\inventory.spec.ts","",""
"","2253","Login Fallido-campos vacios","firefox","2026-05-16","passed","2026-05-16","","ui\saucedemo.spec.ts","",""
"","143","DELETE eliminar usuario","webkit","2026-05-16","passed","2026-05-16","Reqres API > POST,PUT,DELETE","apis\reqres.spec.ts","",""
